Fragment,MentionedLeader,Topic
E016 has become the go-to person for solving sales challenges.,E016,sales
"E062 is the bridge between HR and Tech, ensuring smooth collaboration.",E062,financial
I trust E096 with sales because they explain things clearly.,E096,sales
"The AI scheduling assistant suggests tasks, but E067 double-checks before we act.",E067,operations
"Whenever we’re stuck, E019 steps in with their expertise in operations.",E019,operations
"The AI scheduling assistant suggests tasks, but E083 double-checks before we act.",E083,operations
E022 partners with our analytics bot to translate insights for the team.,E022,operations
E100 often mediates when conflicts happen between Finance and HR.,E100,AI-related
E079 often mediates when conflicts happen between Ops and Finance.,E079,sales
Everyone goes to E026 when a HR issue arises—they always have the answer.,E026,HR
E004 often mediates when conflicts happen between HR and Sales.,E004,HR
"The AI scheduling assistant suggests tasks, but E089 double-checks before we act.",E089,sales
E047 often mediates when conflicts happen between Tech and Ops.,E047,technical
E061 has become the go-to person for solving financial challenges.,E061,financial
"The AI scheduling assistant suggests tasks, but E080 double-checks before we act.",E080,sales
E083 often mediates when conflicts happen between Tech and Finance.,E083,sales
"The AI scheduling assistant suggests tasks, but E062 double-checks before we act.",E062,AI-related
"E012 is the bridge between Sales and Finance, ensuring smooth collaboration.",E012,sales
Everyone goes to E093 when a financial issue arises—they always have the answer.,E093,financial
I trust E020 with AI-related because they explain things clearly.,E020,AI-related
"The AI scheduling assistant suggests tasks, but E079 double-checks before we act.",E079,AI-related
Everyone goes to E020 when a technical issue arises—they always have the answer.,E020,technical
E093 often mediates when conflicts happen between Tech and Ops.,E093,sales
"Whenever we’re stuck, E028 steps in with their expertise in financial.",E028,financial
E065 partners with our analytics bot to translate insights for the team.,E065,HR
"The AI scheduling assistant suggests tasks, but E054 double-checks before we act.",E054,AI-related
I trust E059 with operations because they explain things clearly.,E059,operations
I trust E069 with sales because they explain things clearly.,E069,sales
I trust E078 with financial because they explain things clearly.,E078,financial
Everyone goes to E061 when a operations issue arises—they always have the answer.,E061,operations
E042 partners with our analytics bot to translate insights for the team.,E042,technical
Everyone goes to E008 when a HR issue arises—they always have the answer.,E008,HR
Everyone goes to E099 when a operations issue arises—they always have the answer.,E099,operations
"When priorities clash, E098 reframes the problem and aligns Tech and Sales.",E098,HR
"Whenever we’re stuck, E065 steps in with their expertise in AI-related.",E065,AI-related
E058 often mediates when conflicts happen between Finance and Sales.,E058,operations
E090 often mediates when conflicts happen between Finance and HR.,E090,operations
People in Ops rely on E058 for advice on technical.,E058,technical
E057 often mediates when conflicts happen between HR and Tech.,E057,AI-related
"Whenever we’re stuck, E055 steps in with their expertise in AI-related.",E055,AI-related
"Whenever we’re stuck, E016 steps in with their expertise in financial.",E016,financial
"E018 is the bridge between Sales and Ops, ensuring smooth collaboration.",E018,AI-related
E051 often mediates when conflicts happen between Sales and Ops.,E051,AI-related
People in Sales rely on E021 for advice on HR.,E021,HR
"The AI scheduling assistant suggests tasks, but E026 double-checks before we act.",E026,technical
Everyone goes to E003 when a sales issue arises—they always have the answer.,E003,sales
"E050 is the bridge between HR and Finance, ensuring smooth collaboration.",E050,operations
"Whenever we’re stuck, E015 steps in with their expertise in technical.",E015,technical
I trust E035 with HR because they explain things clearly.,E035,HR
E055 partners with our analytics bot to translate insights for the team.,E055,financial
"The AI scheduling assistant suggests tasks, but E066 double-checks before we act.",E066,AI-related
I trust E012 with AI-related because they explain things clearly.,E012,AI-related
"E055 is the bridge between Tech and HR, ensuring smooth collaboration.",E055,technical
"Whenever we’re stuck, E034 steps in with their expertise in technical.",E034,technical
E016 partners with our analytics bot to translate insights for the team.,E016,HR
E054 partners with our analytics bot to translate insights for the team.,E054,technical
"Whenever we’re stuck, E091 steps in with their expertise in financial.",E091,financial
"Whenever we’re stuck, E007 steps in with their expertise in HR.",E007,HR
E068 partners with our analytics bot to translate insights for the team.,E068,sales
Everyone goes to E087 when a HR issue arises—they always have the answer.,E087,HR
E033 partners with our analytics bot to translate insights for the team.,E033,technical
E071 has become the go-to person for solving financial challenges.,E071,financial
People in Sales rely on E014 for advice on operations.,E014,operations
"The AI scheduling assistant suggests tasks, but E065 double-checks before we act.",E065,financial
Everyone goes to E026 when a HR issue arises—they always have the answer.,E026,HR
"Whenever we’re stuck, E017 steps in with their expertise in AI-related.",E017,AI-related
People in Ops rely on E056 for advice on technical.,E056,technical
"Whenever we’re stuck, E065 steps in with their expertise in AI-related.",E065,AI-related
"Whenever we’re stuck, E006 steps in with their expertise in financial.",E006,financial
"The AI scheduling assistant suggests tasks, but E058 double-checks before we act.",E058,HR
"Whenever we’re stuck, E071 steps in with their expertise in technical.",E071,technical
"The AI scheduling assistant suggests tasks, but E028 double-checks before we act.",E028,technical
E049 partners with our analytics bot to translate insights for the team.,E049,HR
Everyone goes to E084 when a operations issue arises—they always have the answer.,E084,operations
People in HR rely on E012 for advice on financial.,E012,financial
"Whenever we’re stuck, E076 steps in with their expertise in technical.",E076,technical
E039 partners with our analytics bot to translate insights for the team.,E039,operations
E097 has become the go-to person for solving HR challenges.,E097,HR
E020 partners with our analytics bot to translate insights for the team.,E020,technical
E081 partners with our analytics bot to translate insights for the team.,E081,operations
Everyone goes to E073 when a technical issue arises—they always have the answer.,E073,technical
People in Ops rely on E006 for advice on technical.,E006,technical
Everyone goes to E058 when a AI-related issue arises—they always have the answer.,E058,AI-related
"Whenever we’re stuck, E081 steps in with their expertise in sales.",E081,sales
E001 partners with our analytics bot to translate insights for the team.,E001,AI-related
E069 has become the go-to person for solving AI-related challenges.,E069,AI-related
E033 often mediates when conflicts happen between Tech and HR.,E033,financial
"E030 is the bridge between Sales and Finance, ensuring smooth collaboration.",E030,sales
E062 often mediates when conflicts happen between HR and Tech.,E062,operations
"Whenever we’re stuck, E010 steps in with their expertise in HR.",E010,HR
E084 has become the go-to person for solving technical challenges.,E084,technical
"E008 is the bridge between Sales and HR, ensuring smooth collaboration.",E008,AI-related
E089 partners with our analytics bot to translate insights for the team.,E089,HR
"E037 is the bridge between Sales and Finance, ensuring smooth collaboration.",E037,sales
E071 has become the go-to person for solving technical challenges.,E071,technical
E003 partners with our analytics bot to translate insights for the team.,E003,technical
E058 often mediates when conflicts happen between HR and Sales.,E058,financial
E010 partners with our analytics bot to translate insights for the team.,E010,financial
E034 partners with our analytics bot to translate insights for the team.,E034,operations
E036 has become the go-to person for solving financial challenges.,E036,financial
Everyone goes to E063 when a financial issue arises—they always have the answer.,E063,financial
I trust E063 with HR because they explain things clearly.,E063,HR
"E054 is the bridge between HR and Sales, ensuring smooth collaboration.",E054,HR
People in Tech rely on E043 for advice on HR.,E043,HR
"Whenever we’re stuck, E016 steps in with their expertise in AI-related.",E016,AI-related
People in HR rely on E033 for advice on sales.,E033,sales
"Whenever we’re stuck, E076 steps in with their expertise in sales.",E076,sales
"Whenever we’re stuck, E007 steps in with their expertise in technical.",E007,technical
People in Ops rely on E082 for advice on HR.,E082,HR
People in HR rely on E066 for advice on HR.,E066,HR
"E004 is the bridge between Sales and Ops, ensuring smooth collaboration.",E004,AI-related
I trust E007 with operations because they explain things clearly.,E007,operations
E083 partners with our analytics bot to translate insights for the team.,E083,technical
"The AI scheduling assistant suggests tasks, but E017 double-checks before we act.",E017,sales
"Whenever we’re stuck, E037 steps in with their expertise in AI-related.",E037,AI-related
E052 partners with our analytics bot to translate insights for the team.,E052,sales
I trust E086 with financial because they explain things clearly.,E086,financial
E010 often mediates when conflicts happen between Ops and Sales.,E010,operations
I trust E058 with sales because they explain things clearly.,E058,sales
I trust E071 with technical because they explain things clearly.,E071,technical
E044 often mediates when conflicts happen between Finance and Tech.,E044,HR
People in HR rely on E048 for advice on technical.,E048,technical
"Whenever we’re stuck, E050 steps in with their expertise in sales.",E050,sales
"When priorities clash, E044 reframes the problem and aligns Tech and Sales.",E044,HR
"Whenever we’re stuck, E047 steps in with their expertise in technical.",E047,technical
E032 has become the go-to person for solving AI-related challenges.,E032,AI-related
Everyone goes to E056 when a financial issue arises—they always have the answer.,E056,financial
"E055 is the bridge between Sales and Finance, ensuring smooth collaboration.",E055,technical
E051 often mediates when conflicts happen between Finance and Sales.,E051,sales
E014 partners with our analytics bot to translate insights for the team.,E014,financial
E088 partners with our analytics bot to translate insights for the team.,E088,technical
E100 often mediates when conflicts happen between Tech and Finance.,E100,financial
"Whenever we’re stuck, E073 steps in with their expertise in financial.",E073,financial
"E068 is the bridge between Sales and Tech, ensuring smooth collaboration.",E068,technical
"Whenever we’re stuck, E039 steps in with their expertise in sales.",E039,sales
E029 partners with our analytics bot to translate insights for the team.,E029,technical
E039 often mediates when conflicts happen between Sales and HR.,E039,HR
E061 often mediates when conflicts happen between Finance and Ops.,E061,operations
Everyone goes to E004 when a technical issue arises—they always have the answer.,E004,technical
"Whenever we’re stuck, E025 steps in with their expertise in technical.",E025,technical
E030 has become the go-to person for solving financial challenges.,E030,financial
People in HR rely on E005 for advice on HR.,E005,HR
E026 partners with our analytics bot to translate insights for the team.,E026,AI-related
"Whenever we’re stuck, E009 steps in with their expertise in financial.",E009,financial
E099 often mediates when conflicts happen between Ops and Finance.,E099,sales
E034 has become the go-to person for solving operations challenges.,E034,operations
People in Ops rely on E079 for advice on sales.,E079,sales
Everyone goes to E086 when a sales issue arises—they always have the answer.,E086,sales
Everyone goes to E028 when a sales issue arises—they always have the answer.,E028,sales
E091 has become the go-to person for solving sales challenges.,E091,sales
I trust E092 with technical because they explain things clearly.,E092,technical
E043 partners with our analytics bot to translate insights for the team.,E043,AI-related
People in Sales rely on E096 for advice on HR.,E096,HR
"E048 is the bridge between HR and Sales, ensuring smooth collaboration.",E048,financial
"The AI scheduling assistant suggests tasks, but E001 double-checks before we act.",E001,technical
"The AI scheduling assistant suggests tasks, but E054 double-checks before we act.",E054,sales
Everyone goes to E099 when a technical issue arises—they always have the answer.,E099,technical
E091 partners with our analytics bot to translate insights for the team.,E091,HR
E058 has become the go-to person for solving HR challenges.,E058,HR
People in Sales rely on E004 for advice on AI-related.,E004,AI-related
"E006 is the bridge between Sales and Tech, ensuring smooth collaboration.",E006,sales
"E008 is the bridge between HR and Ops, ensuring smooth collaboration.",E008,AI-related
"The AI scheduling assistant suggests tasks, but E078 double-checks before we act.",E078,HR
"The AI scheduling assistant suggests tasks, but E079 double-checks before we act.",E079,AI-related
"When priorities clash, E036 reframes the problem and aligns HR and Tech.",E036,AI-related
"E082 is the bridge between Tech and Finance, ensuring smooth collaboration.",E082,financial
People in Sales rely on E061 for advice on HR.,E061,HR
Everyone goes to E064 when a financial issue arises—they always have the answer.,E064,financial
E095 often mediates when conflicts happen between HR and Ops.,E095,operations
"When priorities clash, E042 reframes the problem and aligns HR and Sales.",E042,HR
I trust E011 with sales because they explain things clearly.,E011,sales
Everyone goes to E032 when a AI-related issue arises—they always have the answer.,E032,AI-related
People in Finance rely on E062 for advice on financial.,E062,financial
"E014 is the bridge between Tech and HR, ensuring smooth collaboration.",E014,operations
E027 has become the go-to person for solving sales challenges.,E027,sales
E023 has become the go-to person for solving sales challenges.,E023,sales
"Whenever we’re stuck, E080 steps in with their expertise in HR.",E080,HR
"Whenever we’re stuck, E036 steps in with their expertise in HR.",E036,HR
E095 often mediates when conflicts happen between HR and Ops.,E095,sales
"Whenever we’re stuck, E024 steps in with their expertise in financial.",E024,financial
People in Ops rely on E075 for advice on technical.,E075,technical
"E033 is the bridge between Ops and Finance, ensuring smooth collaboration.",E033,AI-related
Everyone goes to E084 when a technical issue arises—they always have the answer.,E084,technical
Everyone goes to E061 when a HR issue arises—they always have the answer.,E061,HR
E038 often mediates when conflicts happen between Ops and Tech.,E038,technical
"The AI scheduling assistant suggests tasks, but E077 double-checks before we act.",E077,technical
"Whenever we’re stuck, E066 steps in with their expertise in operations.",E066,operations
"When priorities clash, E100 reframes the problem and aligns Tech and Finance.",E100,AI-related
Everyone goes to E091 when a financial issue arises—they always have the answer.,E091,financial
E048 often mediates when conflicts happen between HR and Ops.,E048,technical
"The AI scheduling assistant suggests tasks, but E033 double-checks before we act.",E033,technical
"Whenever we’re stuck, E053 steps in with their expertise in operations.",E053,operations
E010 partners with our analytics bot to translate insights for the team.,E010,sales
People in Tech rely on E062 for advice on technical.,E062,technical
E085 partners with our analytics bot to translate insights for the team.,E085,AI-related
"Whenever we’re stuck, E012 steps in with their expertise in AI-related.",E012,AI-related
Everyone goes to E053 when a sales issue arises—they always have the answer.,E053,sales
People in Finance rely on E040 for advice on sales.,E040,sales
People in HR rely on E003 for advice on sales.,E003,sales
People in Tech rely on E027 for advice on financial.,E027,financial
"The AI scheduling assistant suggests tasks, but E015 double-checks before we act.",E015,operations
Everyone goes to E059 when a technical issue arises—they always have the answer.,E059,technical
"When priorities clash, E071 reframes the problem and aligns Ops and Sales.",E071,technical
"The AI scheduling assistant suggests tasks, but E080 double-checks before we act.",E080,financial
"E037 is the bridge between Ops and Finance, ensuring smooth collaboration.",E037,technical
I trust E050 with HR because they explain things clearly.,E050,HR
"When priorities clash, E006 reframes the problem and aligns Sales and HR.",E006,technical
"When priorities clash, E082 reframes the problem and aligns Sales and Tech.",E082,AI-related
People in Ops rely on E089 for advice on operations.,E089,operations
"When priorities clash, E079 reframes the problem and aligns Ops and Sales.",E079,financial
I trust E028 with operations because they explain things clearly.,E028,operations
E050 often mediates when conflicts happen between HR and Tech.,E050,financial
Everyone goes to E093 when a operations issue arises—they always have the answer.,E093,operations
"When priorities clash, E086 reframes the problem and aligns HR and Tech.",E086,sales
People in Finance rely on E059 for advice on AI-related.,E059,AI-related
People in Finance rely on E040 for advice on sales.,E040,sales
E085 has become the go-to person for solving operations challenges.,E085,operations
E023 has become the go-to person for solving operations challenges.,E023,operations
E060 has become the go-to person for solving operations challenges.,E060,operations
"E023 is the bridge between Sales and Finance, ensuring smooth collaboration.",E023,technical
"E017 is the bridge between HR and Sales, ensuring smooth collaboration.",E017,HR
I trust E057 with technical because they explain things clearly.,E057,technical
E011 partners with our analytics bot to translate insights for the team.,E011,technical
"When priorities clash, E049 reframes the problem and aligns Ops and Tech.",E049,technical
E094 has become the go-to person for solving financial challenges.,E094,financial
"The AI scheduling assistant suggests tasks, but E037 double-checks before we act.",E037,technical
"When priorities clash, E079 reframes the problem and aligns HR and Ops.",E079,HR
E036 partners with our analytics bot to translate insights for the team.,E036,HR
E062 partners with our analytics bot to translate insights for the team.,E062,operations
E031 often mediates when conflicts happen between HR and Finance.,E031,technical
"Whenever we’re stuck, E024 steps in with their expertise in AI-related.",E024,AI-related
"Whenever we’re stuck, E087 steps in with their expertise in financial.",E087,financial
"The AI scheduling assistant suggests tasks, but E015 double-checks before we act.",E015,AI-related
E058 partners with our analytics bot to translate insights for the team.,E058,HR
People in Sales rely on E081 for advice on HR.,E081,HR
"The AI scheduling assistant suggests tasks, but E048 double-checks before we act.",E048,HR
I trust E098 with financial because they explain things clearly.,E098,financial
"Whenever we’re stuck, E079 steps in with their expertise in operations.",E079,operations
Everyone goes to E040 when a AI-related issue arises—they always have the answer.,E040,AI-related
"Whenever we’re stuck, E096 steps in with their expertise in financial.",E096,financial
"The AI scheduling assistant suggests tasks, but E079 double-checks before we act.",E079,operations
"When priorities clash, E007 reframes the problem and aligns Ops and Sales.",E007,financial
Everyone goes to E084 when a technical issue arises—they always have the answer.,E084,technical
E073 partners with our analytics bot to translate insights for the team.,E073,technical
"When priorities clash, E046 reframes the problem and aligns Finance and Ops.",E046,sales
"The AI scheduling assistant suggests tasks, but E039 double-checks before we act.",E039,financial
Everyone goes to E080 when a financial issue arises—they always have the answer.,E080,financial
"E032 is the bridge between Ops and Sales, ensuring smooth collaboration.",E032,technical
"Whenever we’re stuck, E082 steps in with their expertise in sales.",E082,sales
"When priorities clash, E002 reframes the problem and aligns Tech and HR.",E002,operations
I trust E057 with financial because they explain things clearly.,E057,financial
Everyone goes to E001 when a operations issue arises—they always have the answer.,E001,operations
Everyone goes to E052 when a financial issue arises—they always have the answer.,E052,financial
E100 partners with our analytics bot to translate insights for the team.,E100,operations
E085 often mediates when conflicts happen between Ops and Finance.,E085,sales
I trust E067 with operations because they explain things clearly.,E067,operations
Everyone goes to E066 when a HR issue arises—they always have the answer.,E066,HR
People in Sales rely on E093 for advice on sales.,E093,sales
E096 has become the go-to person for solving AI-related challenges.,E096,AI-related
E023 often mediates when conflicts happen between Ops and Tech.,E023,HR
"Whenever we’re stuck, E083 steps in with their expertise in HR.",E083,HR
E092 partners with our analytics bot to translate insights for the team.,E092,AI-related
E087 often mediates when conflicts happen between Sales and HR.,E087,HR
"Whenever we’re stuck, E011 steps in with their expertise in financial.",E011,financial
"The AI scheduling assistant suggests tasks, but E031 double-checks before we act.",E031,AI-related
E025 often mediates when conflicts happen between Sales and HR.,E025,operations
E049 partners with our analytics bot to translate insights for the team.,E049,sales
E090 often mediates when conflicts happen between Tech and Finance.,E090,sales
"When priorities clash, E074 reframes the problem and aligns HR and Ops.",E074,sales
Everyone goes to E075 when a financial issue arises—they always have the answer.,E075,financial
I trust E004 with operations because they explain things clearly.,E004,operations
Everyone goes to E045 when a technical issue arises—they always have the answer.,E045,technical
Everyone goes to E018 when a AI-related issue arises—they always have the answer.,E018,AI-related
E009 partners with our analytics bot to translate insights for the team.,E009,financial
E086 often mediates when conflicts happen between Tech and Sales.,E086,technical
Everyone goes to E027 when a technical issue arises—they always have the answer.,E027,technical
"E097 is the bridge between Tech and HR, ensuring smooth collaboration.",E097,sales
"The AI scheduling assistant suggests tasks, but E017 double-checks before we act.",E017,HR
"The AI scheduling assistant suggests tasks, but E044 double-checks before we act.",E044,technical
"The AI scheduling assistant suggests tasks, but E033 double-checks before we act.",E033,AI-related
"When priorities clash, E042 reframes the problem and aligns Finance and Sales.",E042,HR
People in Tech rely on E096 for advice on technical.,E096,technical
Everyone goes to E067 when a sales issue arises—they always have the answer.,E067,sales
"E069 is the bridge between Finance and Ops, ensuring smooth collaboration.",E069,AI-related
Everyone goes to E074 when a sales issue arises—they always have the answer.,E074,sales
Everyone goes to E068 when a technical issue arises—they always have the answer.,E068,technical
I trust E045 with sales because they explain things clearly.,E045,sales
"Whenever we’re stuck, E064 steps in with their expertise in operations.",E064,operations
E074 often mediates when conflicts happen between Ops and HR.,E074,financial
"E064 is the bridge between Ops and Tech, ensuring smooth collaboration.",E064,AI-related
"The AI scheduling assistant suggests tasks, but E063 double-checks before we act.",E063,AI-related
"E046 is the bridge between Tech and Sales, ensuring smooth collaboration.",E046,sales
"Whenever we’re stuck, E055 steps in with their expertise in financial.",E055,financial
E034 often mediates when conflicts happen between Sales and Ops.,E034,sales
"When priorities clash, E059 reframes the problem and aligns Ops and Tech.",E059,HR
E042 partners with our analytics bot to translate insights for the team.,E042,sales
E095 has become the go-to person for solving sales challenges.,E095,sales
"The AI scheduling assistant suggests tasks, but E089 double-checks before we act.",E089,financial
"Whenever we’re stuck, E060 steps in with their expertise in HR.",E060,HR
I trust E097 with AI-related because they explain things clearly.,E097,AI-related
